,Date,Time(s),Height,LWC,LWC_sd,Mean_Doppler_Velocity,Mean_Doppler_Velocity_sd,Spectral_width,Spectral_width_sd,Reflectivity,Reflectivity_sd,Extinction,Temperature,CCN,T(K),"CDC_pinsky,k=0.3","Smax,k=0.3","CDC_pinsky,k=0.4","Smax,k=0.4","CDC_pinsky,k=0.5","Smax,k=0.5","CDC_pinsky,k=0.6","Smax,k=0.6","CDC_pinsky,k=0.7","Smax,k=0.7","CDC_pinsky,k=0.8","Smax,k=0.8","CDC_pinsky,k=0.9","Smax,k=0.9","CDC_pinsky,k=1.0","Smax,k=1.0",CDC_Fan
0,20110513,30300,749.999939,0.40558302,0.10038217,-0.1885923,0.28461295,0.23971401,0.0657466,-11.76609,2.9258811,50.81569672,7.211659431,89.78500366,280.3716594,108.5631061,1.883337636,114.4439773,1.834310467,120.1353367,1.790333469,125.639797,1.750675695,130.961145,1.71473923,136.1040028,1.6820305,141.0735669,1.652138652,145.8754068,1.62471906,99.71124454
1,20110513,30900,749.999939,0.29317075,0.07951821,-0.37679636,0.31595215,0.22723453,0.0590403,-11.933519,2.6271093,60.22162247,7.104259491,80.88800049,280.2642595,113.6202101,3.103880268,124.8669972,2.960798963,136.1947546,2.834996736,147.5611792,2.723621134,158.929752,2.624400737,170.2691354,2.535506852,181.552598,2.455452402,192.7574782,2.383016975,317.6333483
2,20110513,31500,749.999939,0.29343137,0.13903765,-0.3652339,0.41909197,0.3019903,0.07191166,-12.658947,4.5779667,54.04972076,6.996635437,80.88800049,280.1566354,113.0267459,3.050167911,124.0342248,2.911679653,135.1054984,2.789830693,146.200293,2.681885538,157.2840042,2.585663956,168.3270807,2.499409201,179.304443,2.421691595,190.1949464,2.351336975,229.2330824
3,20110513,32100,749.999939,0.2741861,0.06451714,-0.30939215,0.26500255,0.29890385,0.06948746,-18.631329,3.6210434,63.9526825,6.908647537,80.88800049,280.0686475,109.4935755,2.74377478,119.1016221,2.630776421,128.6839524,2.530932619,138.2120711,2.442135695,147.6623117,2.362696551,157.0151865,2.29124721,166.2548056,2.226669062,175.3683648,2.168039311,434.9060424
4,20110513,32700,749.999939,0.26691353,0.06174135,0.021050548,0.3092985,0.38283873,0.08363433,-22.65673,2.035064,74.40501404,6.896318436,80.88800049,280.0563184,64.72282137,0.475602872,60.83606935,0.490560545,57.46673928,0.504736732,54.52245402,0.518185781,51.93093859,0.530957919,49.6349522,0.543099477,47.58865468,0.554653139,45.75496133,0.565658207,722.7289376
5,20110513,33300,749.999939,0.29885197,0.06587263,0.15138455,0.29147592,0.28145236,0.08613613,-23.624493,1.7846378,72.75480652,6.951780319,88,280.1117803,102.4064485,1.657609049,106.8113688,1.623069142,111.0310488,1.591928435,115.0739504,1.563713732,118.9485195,1.538035079,122.6630537,1.514568343,126.2256128,1.493041974,129.6439602,1.473226821,538.992643
6,20110513,33900,749.999939,0.36970484,0.086575136,-0.14428182,0.36219504,0.28434253,0.0980069,-20.439093,2.9602807,59.0064621,7.025043488,90.48833466,280.1850435,103.8770206,1.584004083,107.9358815,1.553935962,111.80996,1.526777647,115.5093371,1.502129908,119.0437325,1.479662854,122.4224366,1.459101585,125.6542732,1.440215258,128.7475845,1.422808641,187.8877513
7,20110513,34500,749.999939,0.2692387,0.056428697,-0.22386368,0.44712093,0.3645925,0.10102102,-24.467354,2.1982162,53.89792252,7.104496479,93.01399994,280.2644965,115.8683424,2.079959651,123.159912,2.017449267,130.2727496,1.961600291,137.2025178,1.91142062,143.9472213,1.866103228,150.5067,1.824985383,156.8822186,1.787518091,163.0761384,1.753242936,269.9921395
8,20110513,35100,749.999939,0.3373552,0.08539092,-0.40034878,0.41921446,0.4013684,0.08907463,-20.969551,3.117482,63.6871109,7.186008453,93.01399994,280.3460085,129.7405212,3.032199165,142.3056408,2.895239434,154.9376177,2.774706848,167.5909248,2.66790459,180.2265078,2.5726826,192.8110715,2.487307955,205.31641,2.410369993,217.7187886,2.34070988,283.7199271
9,20110513,35700,749.999939,0.427125,0.06698321,-0.55047524,0.22206368,0.35190058,0.068476655,-15.586158,1.6410679,61.63391876,7.271393299,93.01399994,280.4313933,137.9872328,3.723647951,153.9641551,3.525155307,170.2918579,3.351900553,186.8963816,3.199540562,203.7111456,3.064648508,220.6765916,2.944488979,237.7397382,2.836855252,254.8536895,2.739949789,160.4203185
10,20110513,36300,749.999939,0.4024169,0.0907563,-0.21868072,0.28566122,0.26501444,0.1111304,-20.619715,2.2053733,64.60225677,7.393278122,93.01399994,280.5532781,115.0737366,2.032792178,122.0817175,1.973584717,128.9053945,1.920638112,135.5422203,1.873025935,141.9917215,1.829993623,148.2550251,1.790920787,154.3344811,1.755292938,160.23336,1.722680028,208.1136948
11,20110513,36900,749.999939,0.36497545,0.123017706,-0.008746718,0.48819977,0.32786933,0.2433648,-23.787857,2.9298723,68.84594727,7.553725243,85.26999664,280.7137252,56.76517336,0.257603885,50.69844853,0.2725813,45.6913883,0.287128443,41.50953889,0.301244716,37.97950927,0.314933398,34.97098209,0.328200682,32.38457021,0.341054924,30.14345941,0.353506047,306.2089266
12,20110513,37500,749.999939,0.2766363,0.0652895,-0.18720001,0.6486002,0.5354885,0.2292178,-24.99884,1.7908088,70.53347778,7.71795702,83.51332855,280.877957,101.3832474,1.908540356,106.9936434,1.857827804,112.429017,1.812363219,117.6910485,1.771384053,122.7826401,1.73426701,127.7075811,1.700497927,132.4702877,1.669649096,137.0756014,1.641361969,573.1622417
13,20110513,38100,749.999939,0.2315497,0.0450714,0.15341088,0.18813452,0.22591132,0.12882449,-26.362303,1.5746285,67.57642365,7.881490707,78.37001038,281.0414907,92.14880426,1.715797376,96.38923587,1.677631542,100.4625654,1.643269216,104.3751812,1.612175178,108.1337119,1.583909253,111.7448614,1.558106255,115.2152901,1.53446078,118.551532,1.512715532,719.4608711
14,20110513,38700,749.999939,0.20002726,0.096243605,-0.37235084,0.35726017,0.42867935,0.112892576,-25.16436,2.793159,56.58347321,8.040049553,78.37001038,281.2000496,109.4703477,3.046645874,120.1199093,2.90845754,130.8302025,2.786866845,141.5623367,2.679145896,152.2829065,2.583120387,162.9633938,2.497038253,173.5796046,2.419473548,184.1111483,2.349255122,565.9791681
15,20110513,39300,749.999939,0.15578507,0.04850894,-0.1365187,0.2711482,0.30958244,0.12330701,-27.582842,4.2289658,39.85105896,8.172779083,78.37001038,281.3327791,89.8649426,1.578100497,93.3472488,1.548385323,96.67002843,1.521541787,99.84209459,1.497176375,102.8719249,1.474963843,105.767607,1.454633107,108.5368106,1.435956485,111.1867769,1.418741383,325.9702342
16,20110513,39900,749.999939,0.2404334,0.05848793,0.016214343,0.2831478,0.23219274,0.20239072,-25.917645,1.5001415,29.97861862,8.245538712,78.37001038,281.4055387,59.19832253,0.39252289,54.76017359,0.408119438,50.9715451,0.42301502,47.7074206,0.437246881,44.87175963,0.450851104,42.38978187,0.463862321,40.20254376,0.476313533,38.26306258,0.488236028,58.25795944
17,20110513,40500,824.999939,0.28023204,0.051485863,0.09011809,0.32542166,0.2054481,0.10271501,-26.341534,1.1710274,64.79618073,8.461344719,80.93000031,281.6213447,85.00940165,1.178125052,86.17862792,1.170105668,87.2685142,1.162776055,88.28679309,1.156051016,89.24023491,1.149858813,90.13479101,1.144138613,90.97571258,1.138838492,91.7676496,1.133913867,433.0346619
18,20110513,41100,824.999939,0.25717613,0.04237328,0.08969073,0.3511822,0.27174202,0.10058622,-26.897364,1.2996305,55.74106979,8.478555679,81.63166809,281.6385557,85.55896334,1.169560815,86.68302953,1.161952903,87.73020887,1.154997341,88.70806075,1.148613783,89.62319463,1.142734544,90.48141304,1.137302199,91.28782992,1.132267716,92.04696884,1.127588974,327.3215493
19,20110513,41700,824.999939,0.19626386,0.053464975,0.098821916,0.27953672,0.19864604,0.119170435,-28.761812,1.767,48.4948616,8.495019913,79.97399902,281.6550199,85.64475291,1.256530859,87.29014013,1.244631947,88.83180079,1.23378449,90.27902796,1.223855382,91.64006751,1.214733026,92.92225619,1.206323161,94.13213955,1.198545634,95.27557276,1.191331857,370.0978087
20,20110513,42300,824.999939,0.38890246,0.079025075,0.14086509,0.27103412,0.18952039,0.13383575,-23.742521,1.8175144,34.7230072,8.511365891,79.97399902,281.6713659,91.78394673,1.582679772,95.36363925,1.5526909,98.78013533,1.525603258,102.0423636,1.501018901,105.1589282,1.478608983,108.1380497,1.458099461,110.987533,1.439260203,113.7147548,1.421896569,34.6003605
21,20110513,42900,900,0.12272293,0.06939061,0.18007275,0.32955167,0.23226605,0.11874076,-33.93722,5.571444,29.8780117,8.52110672,79.97399902,281.6811067,96.29403636,1.857099877,101.3916825,1.809813369,106.3195264,1.767373913,111.0806207,1.729082869,115.6789355,1.69436829,120.1190765,1.662757688,124.4060693,1.633857487,128.5451948,1.607337339,221.3673985
22,20110513,43500,824.999939,0.26346698,0.049971685,-0.12811781,0.32563165,0.2560296,0.10793662,-26.075642,1.8055787,42.85308838,8.106981277,79.97399902,281.2669813,90.37893058,1.503354091,93.50230242,1.478031637,96.47104958,1.455111862,99.29502613,1.43427073,101.9834737,1.415239634,104.545025,1.397794082,106.9877209,1.381745041,109.319037,1.366932232,141.7111446
23,20110513,44100,824.999939,0.30052108,0.04049426,0.014176941,0.25050747,0.18542644,0.061891638,-25.079277,1.0498562,61.195961,7.670450687,86.45999908,280.8304507,63.08872275,0.349774675,57.80083316,0.365424095,53.32831638,0.380439229,49.50762882,0.394846385,46.21446355,0.408672365,43.35298515,0.421943912,40.84834875,0.434687325,38.64141047,0.446928185,317.1965161
24,20110513,44700,824.999939,0.3104282,0.038130943,-0.17445792,0.4396224,0.3119199,0.13549104,-24.930008,1.0149236,119.1946564,7.147068977,88.10166168,280.307069,105.2298125,1.807932961,110.5530317,1.763869263,115.6879081,1.724279785,120.6392318,1.688524783,125.4125407,1.656079715,130.0138521,1.626510637,134.4494617,1.599455593,138.7257922,1.574610394,2196.6357
25,20110513,45300,824.999939,0.11156759,0.079326786,-0.28256184,0.7235427,0.10118704,0.032823887,-36.895603,8.755758,127.0901413,6.624373436,92.79399872,279.7843734,121.4878515,2.454953133,130.9291812,2.364783602,140.2619151,2.284755592,149.4661411,2.213289482,158.5262582,2.14911189,167.4302772,2.091185857,176.1692235,2.038659105,184.7366288,1.990825176,20614.34295
26,20110513,45900,1050,0.16189899,0.051352907,-0.19540921,0.4355319,0.30602664,0.12642962,-30.497375,2.668599,37.86740875,6.750930786,92.79399872,279.9109308,112.9150232,1.923561725,119.2414473,1.871838483,125.374354,1.825482343,131.3151035,1.783711658,137.0664993,1.7458878,142.6324039,1.711484183,148.0174384,1.680062928,153.226749,1.651257097,258.9515393
27,20110513,46500,749.999939,0.16174407,0.046405274,-0.18587786,0.55638874,0.3485104,0.113221444,-30.065804,2.1737194,31.21544647,5.311616421,92.79399872,278.4716164,113.1452393,1.936665654,119.5521817,1.884057011,125.7665157,1.836920152,131.7891528,1.794456604,137.6225229,1.756014249,143.2701789,1.721055564,148.7364871,1.689133726,154.0263848,1.65987442,145.3322281
28,20110513,47100,749.999939,0.18769556,0.05622061,-0.20139363,0.38058868,0.239773,0.06492758,-30.18042,2.222898,39.68487167,5.074211121,92.79399872,278.2342111,115.1631829,2.054215008,122.283394,1.993512603,129.222162,1.939251902,135.9761413,1.890476884,142.544177,1.846409335,148.9268174,1.806409769,155.125922,1.769948132,161.1443483,1.736581573,221.7568047
29,20110513,47700,749.999939,0.17741136,0.04286891,-0.2372726,0.4547,0.27194962,0.11096342,-29.037985,1.9830676,45.58546829,5.025640488,115.6699982,278.1856405,144.0921191,2.080007969,153.1601013,2.01749418,162.0058243,1.961642214,170.6238917,1.911459899,179.0118206,1.866140156,187.1694098,1.825020208,195.0982309,1.787551025,202.801219,1.753274161,376.2066123
30,20110513,48300,749.999939,0.1809188,0.042610917,-0.16111536,0.38874123,0.24031982,0.10743789,-29.15019,1.8441701,53.11954498,5.091876984,114.0933304,278.251877,131.9239931,1.622601113,137.3540393,1.590204381,142.5468653,1.560970975,147.5143251,1.53446351,152.2680398,1.510321084,156.8192672,1.48824336,161.1788188,1.467978447,165.3570112,1.449313563,572.4079472
31,20110513,48900,749.999939,0.18277685,0.043970075,-0.015412708,0.36980206,0.2962416,0.11195969,-29.5911,1.9141325,57.87600708,5.159981728,117.5059967,278.3199817,85.46442432,0.346006669,78.23043482,0.361650678,72.11720502,0.376667121,66.89909602,0.391081283,62.40477292,0.40491909,58.50226522,0.418206535,55.08859601,0.43096927,52.08245625,0.443232326,725.3762293
32,20110513,49500,749.999939,0.19157296,0.044011354,-0.09194854,0.6267733,0.38194507,0.16417786,-29.232138,1.9278401,47.25472641,5.22934866,117.5059967,278.3893487,121.1416029,1.106906534,122.1713094,1.102231948,123.1263678,1.097948766,124.0145855,1.094009834,124.8427214,1.090375276,125.6166557,1.087011141,126.3415275,1.083888347,127.0218478,1.080981834,359.3994044
33,20110513,50100,749.999939,0.21960716,0.056474555,-0.5032138,0.47169504,0.31483328,0.110920034,-28.246424,2.152422,35.76784515,5.29505825,117.5059967,278.4550583,168.8442314,3.347757483,186.7307006,3.183385545,204.8551402,3.039300701,223.1430177,2.91209442,241.5287818,2.799062898,259.9551146,2.698037117,278.3721664,2.60725914,296.7368093,2.525290773,118.6029119
34,20110513,50700,749.999939,0.23207285,0.054622766,-0.32719034,0.251432,0.19487818,0.067195766,-26.70926,2.0187936,39.05566788,5.347337723,117.5059967,278.5073377,155.1382043,2.52461853,167.5849731,2.429056455,179.9161225,2.344337337,192.1025668,2.268760027,204.1210887,2.200955225,215.9534294,2.13980941,227.5855029,2.084408563,239.0067231,2.033995964,138.2654108
35,20110513,51300,749.999939,0.21182288,0.048442096,-0.2234114,0.416927,0.32366848,0.14694987,-26.744455,2.12183,53.58955383,5.387187004,183.5899963,278.547187,212.1620658,1.619555149,220.8601591,1.587343502,229.1770127,1.558274923,237.1318173,1.53191509,244.74336,1.507905585,252.0298197,1.485948112,259.0086386,1.465792463,265.6964477,1.447227262,428.7505595
36,20110513,51900,749.999939,0.25755048,0.051583227,-0.32398346,0.44510195,0.27455336,0.1384932,-22.5859,3.6911209,53.49879456,5.423039436,187.9250031,278.5830394,232.7732145,2.040930083,247.0313176,1.981155762,260.9188793,1.927710784,274.4301372,1.879657526,287.5636124,1.836232475,300.321142,1.796808014,312.7071032,1.760863763,324.7277949,1.727964825,288.5474731
37,20110513,52500,749.999939,0.32792705,0.111373216,-0.5589366,0.28550768,0.22583956,0.05497681,-13.192024,3.3771684,36.20656967,5.457842827,190.3359985,278.6178428,261.7938357,2.893753976,286.0319521,2.768433132,310.308215,2.657936962,334.5419284,2.559858945,358.6648202,2.472275829,382.6195287,2.393634011,406.3582169,2.322666148,429.8413241,2.258329099,55.1718656
38,20110513,53100,824.999939,0.24510749,0.051816747,-0.58692354,0.30736014,0.27493244,0.06599101,-15.82272,1.8830762,41.94036484,5.520069122,190.3359985,278.6800691,264.1714685,2.982290318,289.3554968,2.849554747,314.6399739,2.732662047,339.9362116,2.629021627,365.1684883,2.536566351,390.2725663,2.453628806,415.1943108,2.37885065,439.8884298,2.311115255,153.4947267
39,20110513,53700,824.999939,0.2258949,0.10858551,-0.33236915,0.3265865,0.2341778,0.103222735,-23.374285,7.2092977,33.62253189,5.540616035,190.3359985,278.700616,236.3160716,2.057032147,250.9554789,1.996132507,265.2233957,1.941698488,279.1127407,1.892770146,292.6209594,1.848566137,305.749019,1.808444445,318.5006013,1.771872957,330.8814563,1.738407127,93.10830135
40,20110513,54300,824.999939,0.05667668,0.021590216,-0.22361833,0.43166092,0.32824382,0.10131031,-35.84424,2.5471814,33.6702919,5.501497269,190.3359985,278.6614973,218.7561517,1.590246566,227.3782818,1.559804302,235.6104721,1.532312376,243.4737107,1.507365484,250.9882844,1.484628793,258.1736234,1.463823345,265.0482137,1.444714937,271.6295573,1.427105537,1485.394641
41,20110513,54900,749.999939,0.16892977,0.048704978,0.048182376,0.7968336,0.45028594,0.1419287,-29.534412,1.4604433,29.34453964,5.490542412,270.1499939,278.6505424,219.6956073,0.502020407,207.4347383,0.51664391,196.7599905,0.530473462,187.3946012,0.543567549,179.1208842,0.555979715,171.7655835,0.567758943,165.1893108,0.578950039,159.2788142,0.589593995,110.6826462
42,20110513,55500,824.999939,0.2788362,0.13284913,0.002191817,0.27250978,0.22222951,0.10874089,-28.748121,6.4814973,881.1503296,5.298921585,263.5133057,278.4589216,117.6362065,0.067992583,94.02560565,0.076051709,76.5129343,0.084307191,63.2570681,0.092720874,53.0400213,0.1012582,45.03632971,0.109888071,38.67422758,0.118582669,33.54978412,0.12731723,1099921.588
43,20110513,56100,974.999939,0.20171122,0.10939324,0.17836073,1.1198988,0.34583688,0.17605995,-34.726665,9.210036,32.52274323,5.296849251,245.0580139,278.4568493,261.1683158,1.236436822,265.8284645,1.225551125,270.1892074,1.215620949,274.2779746,1.206526062,278.1190197,1.198165552,281.7338531,1.190454105,285.14161,1.183319103,288.3593619,1.176698355,105.6845279
44,20110513,56700,900,0.21323435,0.074043214,0.014405621,0.3994704,0.29138154,0.09755221,-32.725048,3.2922146,37.30661774,5.00595665,245.0580139,278.1659566,160.0218881,0.241565515,142.1561441,0.256295991,127.4867295,0.270640097,115.2929727,0.284592344,105.0448891,0.298151616,96.34622979,0.311320177,88.89626241,0.324102873,82.46361331,0.336506495,142.7425041
45,20110513,57300,900,0.25062189,0.054495215,0.10650756,0.41047713,0.23086934,0.08466236,-30.70423,1.367771,42.52788544,4.872172356,245.0580139,278.0321724,236.9529914,0.893945319,234.7495538,0.898130955,232.7404923,0.901999046,230.9012384,0.905584377,229.2111879,0.908916833,227.6529336,0.912022236,226.2116693,0.91492301,224.874723,0.917638723,153.0711622
46,20110513,57900,900,0.25058308,0.04810115,0.32814693,0.7283665,0.2980799,0.11923943,-30.77985,1.5763487,51.3946228,4.792728424,245.0580139,277.9527284,295.50664,1.866355832,311.2792093,1.818456903,326.5324566,1.775476353,341.2749599,1.736704214,355.5182465,1.701559431,369.2759086,1.669562119,382.5629235,1.640312639,395.3951335,1.61347563,270.2461876
47,20110513,58500,900,0.21396753,0.046798825,-0.08361097,0.66485494,0.23373312,0.0941825,-31.507553,1.6137247,164.7647705,4.778928757,230.8200073,277.9389288,214.7009952,0.785600993,210.4267235,0.793539603,206.5695871,0.800913957,203.071936,0.807781863,199.886197,0.814193535,196.9727775,0.820192791,194.2984686,0.825818036,191.835216,0.831103067,12212.5777
48,20110513,59100,900,0.21997681,0.05462298,-0.11375542,0.38273314,0.23464121,0.0913677,-29.645674,1.9980603,151.8751831,4.789107323,218.1566772,277.9491073,217.0942671,0.983858894,216.8000724,0.984526209,216.5297655,0.985140538,216.2805505,0.985707952,216.0500516,0.986233626,215.8362369,0.986722004,215.6373583,0.987176917,215.4519036,0.987601692,9049.334817
49,20110513,59700,900,0.16335763,0.059998482,-0.102916755,0.43983954,0.2591784,0.11567127,-29.56569,3.0980778,38.09820557,4.798632622,191.4499969,277.9586326,190.0156508,0.975244176,189.6191318,0.976263326,189.2550652,0.977201885,188.9196242,0.978069048,188.6095608,0.978872663,188.3221005,0.979619468,188.0548589,0.980315281,187.8057755,0.980965153,259.0268161
50,20110513,60300,900,0.14494516,0.056101676,0.0814573,0.28475767,0.21886809,0.073082656,-33.109516,4.432857,36.10181427,4.807183266,191.4499969,277.9671833,181.5048497,0.837097862,178.835165,0.843322893,176.4137496,0.849090798,174.2077069,0.854450026,172.1896794,0.85944243,170.3367343,0.864104349,168.6295074,0.868467486,167.0515369,0.872559622,279.9559227
51,20110513,60900,900,0.14554346,0.04775833,0.19020256,0.59070295,0.30900428,0.13887507,-35.160736,2.700513,31.67330742,4.825290203,191.4499969,277.9852902,214.2286903,1.454591001,221.0239693,1.432056081,227.4658353,1.411632423,233.5786931,1.39303844,239.3851234,1.376040239,244.9059754,1.360441972,250.1604753,1.346078434,255.1663401,1.332809319,187.5015537
52,20110513,61500,900,0.22514987,0.05292743,-0.17380266,0.44389844,0.30234462,0.10842462,-31.567745,2.054351,31.37696075,4.859389782,191.4499969,278.0193898,210.4216969,1.37019964,216.0176179,1.352335728,221.2972079,1.336106698,226.2851333,1.321298973,231.0037693,1.307734482,235.4734209,1.295263603,239.712528,1.283759713,243.7378531,1.273114949,76.17267995
53,20110513,62100,974.999939,0.31388474,0.05492245,0.08653271,0.3984696,0.31801084,0.10956939,-27.67463,1.0291955,46.67553329,4.62525034,241.6799927,277.7852503,225.2592111,0.790932702,220.899222,0.798700062,216.9626036,0.805913386,213.3910974,0.812629648,210.1365895,0.818898304,207.1590068,0.82476249,204.4247144,0.830259993,201.9052788,0.835424052,129.0141884
54,20110513,62700,1050,0.15045896,0.063839875,-0.22593896,0.4582588,0.37462556,0.11160178,-33.965897,4.2046523,29.21964836,4.520942688,242.8049927,277.6809427,273.1319744,1.480413732,282.2091796,1.456410525,290.826409,1.434671451,299.0141373,1.414892732,306.8007571,1.396822311,314.2126409,1.380249347,321.2742347,1.364996155,328.0081688,1.350911961,137.7522996
55,20110513,63300,974.999939,0.068497375,0.04961977,0.20847677,1.1394951,0.4058119,0.20767687,-41.80763,6.6793866,37.64550018,4.727761269,261.1959839,277.8877613,285.9867596,1.352897123,293.2814927,1.335966006,300.1568719,1.320576581,306.6463486,1.30652835,312.7801569,1.293654013,318.5856449,1.281812892,324.0875778,1.27088585,329.3084093,1.260771335,1421.351105
56,20110513,63900,900,0.10161835,0.035490483,-0.07487521,0.30269018,0.25051737,0.09225812,-36.77119,2.8462663,30.0522995,5.089459419,261.1959839,278.2494594,233.3500118,0.686759129,226.1560433,0.69759644,219.7336338,0.707717746,213.9672543,0.71719078,208.763028,0.726075129,204.0439391,0.734423399,199.746248,0.742282188,195.8167777,0.749692912,328.5480245
57,20110513,64500,900,0.14929974,0.042342503,0.05649114,0.46525574,0.2999995,0.11286388,-33.778168,2.0400825,48.63111877,5.159731865,261.1959839,278.3197319,220.7047809,0.570362311,210.6158136,0.583863334,201.7417911,0.596566352,193.8826082,0.608537385,186.8788411,0.619835755,180.6020802,0.630514845,174.947859,0.640622775,169.8304096,0.65020299,644.962839
58,20110513,65100,900,0.2509812,0.042651776,0.3941513,0.54462075,0.2875466,0.16261111,-29.459045,1.6043473,46.33492279,5.239521503,261.1959839,278.3995215,322.5442948,2.020270698,342.0110687,1.961932974,360.9565233,1.909751236,379.3748134,1.862816173,397.2657163,1.820386908,414.6333295,1.781854108,431.4850333,1.746712302,447.8306647,1.714538861,197.4026421
59,20110513,65700,974.999939,0.22378272,0.041984536,0.000715388,0.514009,0.30069348,0.09593138,-29.606817,1.9458477,60.37031555,4.936662674,312.5100098,278.0966627,109.9326284,0.030728564,82.24101601,0.035527229,62.96995369,0.040601201,49.21504691,0.045925788,39.17337466,0.051476626,31.69298423,0.057230034,26.01848658,0.063163263,21.64277784,0.069254671,549.1958593
60,20110513,66300,974.999939,0.1656779,0.033889778,0.0370801,0.3587537,0.25611505,0.07810888,-33.554844,1.683313,50.29370117,4.987072468,318.5116882,278.1470725,241.8748442,0.399531564,224.0715029,0.415100382,208.8521151,0.429958964,195.7225905,0.444146218,184.3027298,0.457699631,174.2960409,0.470655009,165.4684862,0.483046344,157.6332684,0.494905758,579.3241616
61,20110513,66900,974.999939,0.25271493,0.04381898,0.0959792,0.25177482,0.20820014,0.077005,-29.963705,1.3064885,41.75844955,5.036994934,318.565979,278.1969949,291.261936,0.741790261,284.1016956,0.751079797,277.6698414,0.759728882,271.8620625,0.767801028,266.5928578,0.77535169,261.7915129,0.782429491,257.3990601,0.789077236,253.3659549,0.795332746,142.5218034
62,20110513,67500,1050,0.24190809,0.06455688,0.003835802,0.38173968,0.28865212,0.1352082,-30.395159,2.0625596,44.38690948,4.709213257,318.565979,277.8692133,155.5620068,0.091695314,127.4771853,0.101293757,106.1399992,0.111009302,89.62830543,0.120802611,76.63917813,0.130639194,66.26942938,0.140488992,57.88018908,0.150325945,51.01119967,0.160127581,186.7987436
63,20110513,68100,1050,0.26454163,0.066767715,-0.09891454,0.3373476,0.28153527,0.09783854,-30.085608,2.0915473,39.2143898,4.720992088,318.565979,277.8809921,293.7678949,0.763278667,287.228761,0.771918283,281.3413915,0.779953075,276.0140605,0.787444016,271.1713327,0.794444207,266.7506259,0.801000093,262.6996034,0.807152473,258.9741736,0.812937321,107.7105757
64,20110513,68700,1124.999878,0.20244817,0.037857022,0.013209438,0.37537766,0.2880104,0.09935393,-32.52063,1.3079227,40.03519821,4.483071327,318.565979,277.6430713,198.523109,0.206715121,174.0839591,0.220748826,154.2661451,0.234499795,137.9812414,0.24795208,124.4395409,0.261095015,113.0579629,0.273922182,103.3991158,0.286430571,95.1301357,0.298619884,195.7078524
65,20110513,69300,1124.999878,0.18207459,0.049825247,-0.25325915,0.5442781,0.3568405,0.12421813,-32.94075,2.513467,38.6268158,4.558524609,369.6099854,277.7185246,402.3611967,1.327113251,411.9632004,1.311555942,420.9992953,1.297404341,429.5161246,1.28447689,437.5556258,1.272621907,445.1555582,1.261711702,452.3499722,1.251638021,459.1696252,1.242308497,217.3091721
66,20110513,69900,1124.999878,0.19432126,0.038289662,-0.18759352,0.4109142,0.23504639,0.108272165,-32.65816,1.2267145,43.5267868,4.580739975,369.4116516,277.74074,379.1651333,1.090751996,381.9198482,1.086811185,384.4718585,1.083198214,386.8426932,1.079873825,389.0509439,1.076804786,391.112748,1.073962774,393.0421799,1.071323506,394.8515696,1.068866041,272.9852628
67,20110513,70500,1124.999878,0.23597002,0.066913374,-0.045091357,0.4503761,0.19892937,0.056382112,-30.355818,2.4669163,40.06004333,4.69320488,379.6119995,277.8532049,293.4715417,0.424053064,273.2232653,0.43948531,255.8310342,0.454178518,240.7609459,0.468177116,227.5998546,0.481523195,216.0238895,0.494256411,205.7761531,0.506413973,196.6506665,0.518030691,144.3213553
68,20110513,71100,1199.999878,0.17600939,0.049598586,-0.24541505,0.37220913,0.21686219,0.085862435,-32.953087,2.3914165,57.76608658,4.55253315,379.6119995,277.7125331,409.3064483,1.28537204,417.9596185,1.271996687,426.0820145,1.259814321,433.7196416,1.248672643,440.9135349,1.238444152,447.7003782,1.229021305,454.1130394,1.22031277,460.1810346,1.212240485,777.780728
69,20110513,71700,1199.999878,0.13405709,0.034991533,-0.2075517,0.3924685,0.2353518,0.10103482,-34.13456,2.1658754,51.21398926,4.657479763,379.6119995,277.8174798,395.7507688,1.148875013,400.3543017,1.142250661,404.6368328,1.136189997,408.6305868,1.130624083,412.3636451,1.125494774,415.8605864,1.120752682,419.1430117,1.116355594,422.2299798,1.112267211,934.3213123
70,20110513,72300,1199.999878,0.23312408,0.047563426,-0.07198251,0.47563145,0.25532508,0.08517178,-30.394085,1.3789135,40.73366547,4.679708481,379.6119995,277.8397085,321.6320849,0.575525777,307.1600745,0.588927834,294.4216422,0.601533194,283.1324844,0.61340825,273.065887,0.624612597,264.0390831,0.635199803,255.9032648,0.645218111,248.5361672,0.654711041,155.4519662
71,20110513,72900,1275,0.08226842,0.04216966,0.11011702,0.45497748,0.14710028,0.056131434,-38.250854,5.53564,86.59381104,4.31850338,438.5299988,277.4785034,397.4737627,0.720604872,386.7674338,0.730510526,377.1724972,0.739743945,368.5270384,0.748370654,360.6987786,0.756448022,353.5786517,0.764026478,347.0759703,0.771150517,341.114743,0.77785954,11992.34905
72,20110513,73500,1199.999878,0.07342101,0.033203907,0.034692273,0.3046346,0.16214608,0.06101839,-40.253475,3.986007,30.29363632,4.584224224,437.0966797,277.7442242,315.4582019,0.337194944,288.1367,0.352819578,265.0957664,0.367832898,245.4659728,0.382257765,228.5886845,0.396118021,213.9576968,0.409437869,201.1788214,0.422241422,189.941406,0.434552388,644.6493159
73,20110513,74100,1199.999878,0.16537134,0.030947335,-0.027091557,0.3861053,0.20154427,0.09452594,-32.357624,1.3351252,32.20722961,4.532229424,421.0039978,277.6922294,291.0417322,0.292121478,262.6750905,0.307490482,239.0261546,0.322343123,219.0906097,0.336689242,202.1174022,0.350541361,187.536188,0.363913846,174.9077785,0.376822269,163.8896626,0.389282913,152.7037248
74,20110513,74700,1275,0.16942833,0.029745352,-0.14477667,0.2451784,0.13612522,0.06665293,-31.66341,1.3677547,53.15787506,4.129487991,421.0039978,277.289488,405.3815868,0.881575127,401.1458426,0.88621723,397.2880579,0.890509551,393.759963,0.894490144,390.5211504,0.898191741,387.5375402,0.901642653,384.780191,0.904867488,382.2243682,0.90788774,654.0949391
75,20110513,75300,1275,0.24525869,0.04237587,-0.032488767,0.2206157,0.12966676,0.044359665,-28.822493,1.3673335,38.37063217,4.085829735,421.0039978,277.2458297,302.73046,0.333093637,276.2294523,0.348705989,253.9023583,0.363714847,234.8978932,0.37814193,218.5718835,0.392010094,204.4297503,0.405342693,192.0867301,0.418163108,181.2398711,0.430494418,117.3972889
76,20110513,75900,1349.999878,0,0,-0.19448666,1.1125544,0.09974474,0.0868745,-43.549576,7.4834156,37.16755295,3.799591064,421.0039978,276.9595911,430.7105921,1.078941193,433.4463664,1.075530837,435.9786236,1.072402832,438.3292204,1.069523518,440.5169974,1.066864379,442.5582809,1.0644011,444.4672883,1.062112814,446.2564573,1.05998152,inf
77,20110513,76500,0,0,0,0.5127267,1.2841793,0.20832673,0.23018868,-30.103777,12.726278,0,13.64443779,422.9400024,286.8044378,484.6550922,1.574635563,503.3434848,1.545127137,521.1726168,1.518468025,538.1903049,1.494268051,554.4424838,1.472204686,569.9729283,1.452009078,584.823112,1.433455391,599.032161,1.416352574,
78,20110513,77100,0,0.075664654,0.098654106,-0.2568021,1.24982,0.18409671,0.07416242,-40.538452,7.5795045,0,13.66548729,424.8433533,286.8254873,424.9275159,1.000660495,424.9508973,1.000632966,424.9724094,1.000607639,424.9922677,1.000584262,425.0106558,1.000562616,425.0277312,1.000542517,425.0436296,1.000523805,425.0584686,1.00050634,0
79,20110513,77700,1349.999878,0.1675274,0.09500617,0.044143084,0.3687814,0.2263371,0.09844665,-35.797123,3.845172,38.018116,4.018553734,413.4720154,277.1785537,316.6198547,0.410809124,293.9960432,0.426322654,274.6126621,0.441112002,257.8565478,0.455218676,243.2546396,0.468682338,230.4371312,0.481540616,219.1114513,0.493829029,209.0435874,0.505580982,244.7428937
80,20110513,78300,1349.999878,0,0,,,,,,,37.5544281,4.102527618,413.4720154,277.2625276,,,,,,,,,,,,,,,,,inf
81,20110513,78900,1874.999878,0,0,,,,,,,40.26255798,4.788939476,413.4720154,277.9489395,,,,,,,,,,,,,,,,,inf
82,20110513,79500,8624.999023,0,0,,,,,,,30.57036972,-37.55926514,413.4720154,235.6007349,,,,,,,,,,,,,,,,,inf
83,20110513,80100,8624.999023,0,0,-0.08324787,1.0969365,0.19040206,0.16694039,-28.948072,8.59268,30.70671654,-37.5781517,440.4899902,235.5818483,678.2780725,4.216050248,764.6862108,3.970708792,853.8718611,3.757623956,945.4026234,3.571093863,1038.879185,3.406647083,1133.935658,3.260734666,1230.238966,3.13050879,1327.487602,3.013661223,inf
84,20110513,80700,0,0,0,0.13405028,1.118661,0.26691678,0.25008568,-23.00437,8.704117,0,13.85499763,429.0882874,287.0149976,376.9435388,0.649280179,363.6182304,0.661070036,351.7753847,0.672105692,341.1861662,0.682455896,331.665763,0.692181481,323.0634182,0.701336441,315.2550257,0.709968839,308.137559,0.71812158,
85,20110513,81300,0,0.10459768,0.10287898,-0.03579569,1.6263555,0.13720754,0.06088837,-42.888756,7.635943,0,13.89600754,413.0379944,287.0560075,281.5563738,0.278773316,253.1257321,0.294012458,229.5120834,0.308767161,209.6748831,0.323043255,192.8392122,0.336849733,178.4188731,0.350197858,165.9640926,0.363100472,155.1252842,0.375571464,0
86,20110513,81900,1499.999878,0,0,-0.4472868,0.7753293,0.1960034,0.14562699,-31.167908,7.263793,37.98110962,4.302871704,413.0379944,277.4628717,496.4203929,1.845859761,522.4356915,1.799314542,547.5722193,1.75753024,571.8473117,1.719821871,595.2827579,1.685628469,617.9033918,1.65448647,639.7360157,1.626009613,660.8085828,1.599873599,inf
87,20110513,82500,0,0,0,0.060442153,0.95032716,0.2936369,0.22577797,-24.774351,7.627344,0,14.08615112,413.0379944,287.2461511,311.5479255,0.390645539,288.0757953,0.406248636,268.0464889,0.42115333,250.7961761,0.435396412,235.8151157,0.449013585,222.706571,0.462039159,211.1579467,0.474505866,200.9201695,0.486444764,
88,20110513,83100,0,0,0,-0.17730035,1.0839221,0.14771447,0.16224274,-35.18748,9.596843,0,14.53800011,413.0379944,287.6980001,383.4094454,0.780265997,375.5632003,0.788374502,368.4865469,0.795908728,362.0726613,0.802927289,356.2334635,0.809481129,350.8957039,0.815614729,345.9979873,0.821367093,341.4884813,0.826772563,
89,20110513,83700,0,0,0,-0.500602,1.2701557,0.072816946,0.05674487,-44.233116,8.682909,0,14.68041611,382.1300049,287.8404161,438.610101,1.583282084,455.7309117,1.553257175,472.07169,1.526137394,487.6750576,1.501524214,502.5820964,1.479088312,516.8320645,1.458555258,530.4622418,1.439694594,543.5078669,1.422311412,
90,20110513,84300,0,0,0,-0.21123819,1.0136724,0.096598074,0.08654089,-35.13057,8.407368,0,14.45970345,384.4883118,287.6197034,373.0096893,0.903905933,369.882442,0.90771902,367.0285357,0.911241265,364.4137089,0.914504697,362.0091859,0.917536814,359.7906233,0.920361352,357.7372888,0.92299891,355.8314173,0.92546745,
91,20110513,84900,0,0,0,-0.26450494,1.1292088,0.085954055,0.080233425,-35.461506,8.587546,0,14.35163879,393.269989,287.5116388,397.8023006,1.038934771,399.0705203,1.037282624,400.240853,1.03576497,401.3242063,1.034366029,402.3299255,1.033072398,403.2660643,1.031872619,404.1395997,1.030756835,404.9566065,1.029716525,
92,20110514,10500,974.999939,0.16854538,0.04480202,0.05958144,0.39475814,0.2317612,0.08225162,-35.890533,2.3428311,39.55699158,4.326547623,196.4700012,277.4865476,175.3353567,0.684296278,169.87906,0.695198784,165.0093561,0.705382439,160.6382362,0.714915092,156.6942144,0.723856449,153.1186658,0.73225924,149.8630884,0.740170189,146.8870304,0.747630832,272.3617227
93,20110514,11100,974.999939,0.13538142,0.038827572,0.004080021,0.45559576,0.25042275,0.08015298,-36.766155,2.5756352,37.06012726,4.328785896,196.4700012,277.4887859,103.7610271,0.11906754,86.89945325,0.130107398,73.81781793,0.141165936,63.49738084,0.152206292,55.23257158,0.163197267,48.52443304,0.174112631,43.01341629,0.1849305,38.4359695,0.195632765,347.1463487
94,20110514,11700,974.999939,0.14077963,0.03856297,-0.07586008,0.4955977,0.26119325,0.0789889,-35.834114,2.505166,41.55773544,4.306473732,255.1799927,277.4664737,230.7852952,0.715382607,224.4328021,0.725436291,218.7430554,0.734810421,213.619093,0.743570943,208.9817654,0.751775636,204.765862,0.759475322,200.9172,0.766714868,197.3904072,0.773534026,452.6744642
95,20110514,12300,974.999939,0.30184087,0.05611241,0.14632083,0.56941634,0.29720038,0.09120878,-29.77941,1.451937,43.21914291,4.295512199,253.488327,277.4555122,260.9487958,1.101516752,263.0598426,1.09708803,265.0170858,1.093029335,266.8366946,1.089296175,268.5326553,1.085850915,270.1171263,1.082661503,271.6007264,1.079700472,272.9927708,1.07694415,110.7598542
96,20110514,12900,1050,0.24762532,0.06135482,-0.092564404,0.66222286,0.30128118,0.10178659,-31.084425,2.0465224,78.92132568,3.916456223,238.1660156,277.0764562,226.736591,0.848801369,223.6602393,0.854618884,220.8668738,0.860006207,218.3193575,0.865009257,215.9867528,0.869667659,213.8430842,0.874015778,211.8663848,0.878083567,210.0379541,0.881897249,1002.081463
97,20110514,13500,1050,0.15140894,0.06376134,0.04120856,0.6676079,0.28245902,0.09622023,-37.08757,4.0852013,41.3012619,3.93975997,238.1660156,277.09976,193.4954027,0.500383368,182.6470055,0.515029272,173.2044754,0.528881817,164.9221564,0.541999254,157.6068916,0.554434937,151.1049938,0.566237702,145.2928526,0.577452234,140.0700622,0.588119434,384.146551
98,20110514,14100,1050,0.14793353,0.06031494,-0.22531356,0.5774895,0.26853743,0.0936738,-37.886086,3.9557905,34.44966507,3.932376623,238.1660156,277.0923766,269.8053705,1.515546723,279.317428,1.489517492,288.3644261,1.465965613,296.9753723,1.444556082,305.1775722,1.425011332,312.9966119,1.407099493,320.4563882,1.390625401,327.5791694,1.375423645,233.5241412
99,20110514,14700,1050,0.17649376,0.054856855,-0.07790835,0.5559425,0.2987541,0.10332795,-34.97515,2.546431,56.18939972,3.844697952,238.1660156,277.004698,219.3539858,0.760126366,214.3973172,0.76886287,209.9361642,0.776989112,205.9006119,0.784566469,202.2331903,0.791648413,198.8862428,0.798281731,195.8199316,0.804507533,193.000708,0.810362081,711.8926019
100,20110514,15300,1050,0.2291319,0.072789945,-0.015064311,0.6759731,0.30489898,0.09096047,-33.830566,2.3252115,82.74965668,3.691470146,306.4700012,276.8514701,198.3010386,0.234309589,175.7144567,0.248913705,157.2140656,0.26315211,141.8704435,0.27701711,129.0019034,0.290505593,118.1000309,0.303618025,108.7798518,0.316357639,100.7458158,0.328729779,1349.079373
101,20110514,15900,1050,0.25761333,0.08048444,-0.035740785,0.63161224,0.2737828,0.08503311,-32.956295,2.2841747,98.16904449,3.519453526,303.2250061,276.6794535,233.0072765,0.415605769,216.5673327,0.431091873,202.4689985,0.445848225,190.271141,0.459917408,179.6330503,0.473339979,170.2881116,0.486154315,162.0251925,0.49839656,154.6752697,0.51010064,1781.956269
102,20110514,16500,1050,0.2511877,0.06870881,0.101812646,0.55792135,0.2775821,0.089146934,-33.392838,2.3542738,101.4213104,3.3442626,318.0580139,276.5042626,298.5548484,0.809827683,293.3527608,0.816976554,288.646933,0.823609238,284.3701214,0.8297795,280.4666328,0.835533914,276.8899586,0.840913026,273.6009656,0.845952289,270.5664958,0.850682844,2066.811775
103,20110514,17100,1050,0.23808177,0.0638264,-0.09843563,0.57926464,0.27775463,0.07812926,-34.14445,2.286578,94.59150696,3.170011044,318.0580139,276.330011,297.0470144,0.79627454,291.4609844,0.803868872,286.4146607,0.810919611,281.8340989,0.817482863,277.6581812,0.823607302,273.8359657,0.829335358,270.3246647,0.834704181,267.0880837,0.839746436,1866.440548
104,20110514,17700,1050,0.114484355,0.040678974,-0.0764729,0.6944186,0.28548738,0.089774266,-40.979477,3.2046664,97.59725952,2.996365547,318.0580139,276.1563655,283.1658259,0.678862242,274.1717118,0.689907319,266.1496526,0.700227434,258.9531634,0.709890662,252.4633648,0.718956957,246.5828446,0.727479307,241.2310725,0.735504696,236.3409323,0.743074917,8866.05863
105,20110514,18300,974.999939,0.3149789,0.06984176,-0.25329974,0.554988,0.3068491,0.099024564,-32.58836,1.8585893,30.08119202,2.988938808,318.0580139,276.1489388,357.9591633,1.482826955,369.9057001,1.458685623,381.2483387,1.436822878,392.0269295,1.416932833,402.2786255,1.398761711,412.0379563,1.382097248,421.3369448,1.366760577,430.2052487,1.352599934,34.29511115
106,20110514,18900,1050,0.29152212,0.07560502,-0.2612959,0.7347468,0.3157947,0.09611746,-33.27182,2.2381475,102.6541595,2.708871841,298.5700073,275.8688718,341.7272562,1.568356553,354.7861735,1.539222026,367.2406844,1.512896501,379.124863,1.488995823,390.4713651,1.467202361,401.3112503,1.447251289,411.6738975,1.428920106,421.5869841,1.412020544,1591.096941
107,20110514,19500,1050,0.23964627,0.072901696,0.13528962,0.7745967,0.33212548,0.11618928,-35.438545,2.685616,77.93597412,2.576525688,306.3367004,275.7365257,307.5826314,1.013621762,307.9296218,1.013050501,308.2491986,1.012525226,308.544487,1.012040598,308.8181544,1.011592075,309.0724915,1.011175768,309.3094763,1.010788325,309.5308261,1.010426846,1030.344767
108,20110514,20100,1050,0.24011183,0.08090977,-0.29832873,0.55533624,0.3210597,0.10707707,-37.086243,3.064353,58.25784683,2.446268559,339.4760132,275.6062686,393.0560222,1.629863392,409.3866929,1.597024474,425.0095097,1.567397352,439.9592218,1.540537307,454.2700148,1.516077481,467.9750963,1.493712658,481.106429,1.473186914,493.6945699,1.454284105,428.6927963
109,20110514,20700,1050,0.25428453,0.08359602,-0.09773682,0.6868354,0.3040593,0.104135945,-36.9117,3.210968,62.12562943,2.319201946,339.4760132,275.4792019,316.3236856,0.790209167,310.1774473,0.797999852,304.6284371,0.805235102,299.5944245,0.811972005,295.0075048,0.818260124,290.8111277,0.824142687,286.9578325,0.829657566,283.4075017,0.834838076,463.5350078
110,20110514,21300,1050,0.2309879,0.076564796,0.1408852,0.7080749,0.28788772,0.10548345,-36.39432,2.7726026,74.51935577,2.199065685,339.4760132,275.3590657,340.1531824,1.006664649,340.3415245,1.00638607,340.5148914,1.006129846,340.6750008,1.005893389,340.8233173,1.005674498,340.9610976,1.005471284,341.0894259,1.005282121,341.2092426,1.005105602,969.4799396
111,20110514,21900,1050,0.24277057,0.078272976,-0.14665444,0.5503305,0.29189745,0.1089617,-35.72233,2.545822,59.15517426,2.097320557,339.4760132,275.2573206,343.151163,1.036544472,344.1790806,1.034995454,345.1274841,1.033572403,346.0052528,1.032260553,346.8199921,1.031047362,347.5782534,1.029922104,348.285711,1.028875555,348.9473038,1.027899735,439.0319747
112,20110514,22500,1050,0.19023988,0.08494857,-0.058787946,0.64081174,0.3011116,0.113490604,-40.657043,4.1019373,37.7193222,2.016063929,352.0799866,275.1760639,296.4136304,0.563450937,282.5765896,0.577081432,270.4177204,0.589912524,259.6590272,0.602009684,250.0793071,0.613431837,241.5005967,0.624232084,233.7782725,0.634458351,226.7937174,0.64415396,185.3525335
113,20110514,23100,1050,0.1862595,0.079221904,0.003683301,0.5515319,0.28757522,0.09841427,-40.48308,3.8312883,32.40025711,1.941726685,354.6433105,275.1017267,173.6009785,0.092441714,142.3555819,0.102083798,118.6017362,0.111840358,100.2089057,0.121672074,85.73194633,0.131544511,74.16846775,0.14142768,64.80902289,0.151295613,57.14223586,0.161125937,122.5514678
114,20110514,23700,1050,0.16886015,0.080560185,-0.13522005,0.5943653,0.26688662,0.09499617,-41.90081,4.629216,36.06990433,1.867269516,355.0580139,275.0272695,351.9215711,0.970856914,351.0552645,0.972054078,350.2601459,0.973156773,349.5277889,0.974175756,348.8510459,0.975120209,348.2238151,0.975998021,347.6408553,0.976816005,347.09764,0.977580075,205.7266919
115,20110514,24300,1050,0.21495625,0.07896643,0.063498974,0.5896379,0.26569232,0.09858459,-38.89893,2.9210749,53.7721405,1.793001175,355.0580139,274.9530012,303.7478294,0.5943554,290.8597998,0.607380652,279.486334,0.619615846,269.3828861,0.631128516,260.3537952,0.641979038,252.2408388,0.652221488,244.9148193,0.661904406,238.2692964,0.67107145,420.6121688
116,20110514,24900,1050,0.28724054,0.105696,0.08657527,0.5430045,0.2980277,0.10150993,-37.59743,2.7206092,63.46539307,1.737649202,355.0580139,274.8976492,322.9039965,0.728752967,314.5008195,0.738424598,306.9631719,0.747435823,300.1657872,0.755851451,294.0061957,0.763728161,288.3998092,0.771115728,283.2762149,0.778058032,278.5763498,0.784593894,387.2839209
117,20110514,25500,1050,0.2882659,0.08818623,0.23518506,0.53335124,0.2916667,0.1000631,-36.162205,2.4639735,79.18399811,1.712434292,355.0580139,274.8724343,392.7262724,1.399486736,403.8815562,1.380024364,414.4240602,1.362358117,424.399692,1.346251606,433.8503641,1.331508003,442.8143282,1.317962131,451.3264984,1.305474364,459.4187571,1.293925891,746.8540646
118,20110514,26100,1050,0.34842512,0.10680598,-0.086012125,0.48532444,0.27534354,0.08271109,-34.718937,2.2780292,93.02868652,1.71963191,335.3500061,274.8796319,306.9195435,0.744310393,299.4590095,0.753524996,292.7555903,0.76210315,286.701082,0.770108096,281.2067579,0.777595034,276.1992089,0.78461235,271.6171998,0.791202628,267.4092642,0.797403487,828.9756309
119,20110514,26700,1050,0.46006778,0.113433786,0.038288657,0.40441805,0.2887403,0.08889184,-33.697502,1.9890866,98.95172119,1.747877598,321.3166809,274.9078776,252.3474407,0.446908664,235.9665642,0.462160678,221.8369616,0.476651838,209.5463788,0.490431262,198.7742039,0.503544915,189.2679325,0.516035652,180.8264039,0.527943325,173.2876714,0.539304934,572.1849531
120,20110514,27300,1050,0.2157976,0.071502656,0.08531801,0.5293686,0.2580831,0.090121426,-40.012505,3.005547,109.5863037,1.776034832,304.6000061,274.9360348,281.7028702,0.770674898,275.6537297,0.779085126,270.2033108,0.786903572,265.267857,0.794190221,260.7784091,0.800997267,256.677697,0.807370325,252.9177795,0.813349436,249.458231,0.818969882,3532.528125
121,20110514,27900,974.999939,0.2076012,0.062752314,0.061479997,0.53935575,0.2593238,0.0834732,-39.49243,2.6812901,33.38794327,1.745665312,304.6000061,274.9056653,264.2831164,0.622966996,254.0630491,0.635373351,245.0100086,0.647005296,236.9399401,0.657931396,229.7048534,0.668212603,223.1845237,0.677903241,217.2803588,0.68705185,211.9108064,0.695701911,107.9491668
122,20110514,28500,974.999939,0.22209941,0.068468444,-0.17237967,0.47940946,0.2694987,0.08536973,-38.809155,2.4620545,36.91841507,1.757927895,304.6000061,274.9179279,323.313862,1.219873298,328.7132566,1.209813087,333.7603032,1.200630985,338.4878684,1.192217065,342.9249299,1.184478981,347.0971221,1.177338596,351.0271946,1.17072935,354.7354002,1.164594199,127.51003
123,20110514,29100,974.999939,0.2540085,0.06778636,-0.06522249,0.57674426,0.29090577,0.09921351,-37.97184,2.042903,40.29686737,1.728222609,304.6000061,274.8882226,267.3991166,0.647788949,257.8968848,0.659614921,249.4533461,0.6706854,241.9048803,0.681069143,235.1193774,0.690827007,228.9890958,0.700013021,223.4253596,0.708675284,218.3545694,0.716856747,126.7731761
124,20110514,29700,974.999939,0.24064964,0.07014538,-0.090846725,0.5602239,0.29811054,0.11810875,-38.128452,2.5039852,40.20392227,1.66247797,277.4599915,274.822478,263.2300744,0.839042179,259.4084723,0.845199962,255.9416194,0.850905028,252.7825853,0.856205417,249.8923302,0.861142618,247.2381201,0.865752651,244.7923074,0.870066933,242.5313831,0.874112991,140.263559
125,20110514,30300,974.999939,0.22207657,0.058816206,-0.26085705,0.62199557,0.3053931,0.108817354,-37.30163,2.1400998,45.12751007,1.58006084,268.1533203,274.7400608,314.3452673,1.698553215,328.5339001,1.661470085,342.1524006,1.628069068,355.2238495,1.597833648,367.7718873,1.570338783,379.8201963,1.545231646,391.3921355,1.52221702,402.5104868,1.501046067,232.9317268
126,20110514,30900,974.999939,0.21864937,0.055368803,-0.071528815,0.6891456,0.3206728,0.12224821,-37.402454,2.047224,48.46090698,1.496291876,261.7879944,274.6562919,239.1818754,0.740051261,233.2563186,0.749392303,227.9345476,0.758090159,223.1299734,0.766208525,218.7716404,0.773803028,214.8008787,0.780922453,211.1687759,0.787609753,207.834245,0.793902889,297.5693295
127,20110514,31500,974.999939,0.24448726,0.06185129,-0.25305313,0.5998986,0.2996679,0.09887972,-37.053104,2.027624,47.35377502,1.412046432,261.7879944,274.5720464,306.4970654,1.691435011,320.2193687,1.65479682,333.3858563,1.621791017,346.0195399,1.591908729,358.1438726,1.564731096,369.7822633,1.53991035,380.9577352,1.517155438,391.6926913,1.496220987,222.0554137
128,20110514,32100,974.999939,0.20972402,0.054892253,0.1922662,0.49473894,0.2791767,0.09351935,-37.94339,2.1280165,46.47033691,1.34839797,261.7879944,274.508398,290.6289787,1.416763304,299.1899657,1.396346643,307.2886247,1.377823271,314.9587493,1.360942946,322.2313162,1.345497468,329.1346955,1.331312239,335.6948625,1.318239771,341.9356026,1.306154636,285.194489
129,20110514,32700,974.999939,0.18085147,0.04761165,-0.13921893,0.59670794,0.280927,0.09799788,-38.413067,2.3422117,42.45452881,1.336045384,261.7879944,274.4960454,272.8709024,1.148219727,276.0319229,1.141626292,278.972393,1.135593777,281.7144677,1.130053597,284.2774516,1.124947904,286.6782394,1.120227561,288.931678,1.115850565,291.0508659,1.1117808,292.4408261
130,20110514,33300,974.999939,0.4108496,0.08693644,-0.25964916,0.4990313,0.30242798,0.089288145,-32.003216,1.8625696,31.78126717,1.36660409,271.5599976,274.5266041,318.1524649,1.695241807,332.4588744,1.658365809,346.1882768,1.625148763,359.3642782,1.595077716,372.0110006,1.567730505,384.1525675,1.542756661,395.8127411,1.519862905,407.0146714,1.498802014,23.77157207
131,20110514,33900,1050,0.3886167,0.10152803,-0.23551357,0.6334553,0.3193666,0.112622745,-32.933296,2.6814945,104.3331299,1.367549419,262.75,274.5275494,303.3099618,1.613664205,315.6490148,1.581809879,327.4438069,1.553059563,338.7221198,1.526984832,349.511078,1.503232061,359.8368712,1.481506876,369.724584,1.46156232,379.198099,1.44318972,940.0128744
132,20110514,34500,1050,0.35030282,0.084370695,0.17515384,0.52769876,0.31652564,0.12486304,-33.188305,1.9450816,97.39324188,1.401279926,250.5619812,274.5612799,274.5706328,1.356635053,281.6389204,1.339503156,288.3023419,1.323932952,294.5930367,1.309721142,300.5400755,1.29669812,306.1697723,1.28472129,311.5059703,1.273669911,316.5702997,1.263441078,941.0424457
133,20110514,35100,1050,0.34894082,0.08165307,-0.08939168,0.597148,0.30559245,0.106490314,-32.822422,1.9903923,100.8289337,1.437491894,250.5619812,274.5974919,240.6325563,0.873904618,237.9448928,0.878826275,235.498763,0.883378676,233.2631225,0.88760182,231.212013,0.891530139,229.323564,0.895193428,227.5792206,0.898617607,225.9631398,0.901825324,1052.354304
134,20110514,35700,1050,0.3326205,0.07376539,-0.008399711,0.5310298,0.302717,0.10727561,-32.427685,1.7930844,108.5328979,1.482206106,250.5619812,274.6422061,151.4376911,0.18666491,131.6707178,0.200186632,115.7721261,0.213490065,102.805814,0.226553531,92.09849909,0.239361004,83.15707865,0.251901099,75.61444092,0.264166232,69.19317071,0.276151914,1444.428959
135,20110514,36300,1050,0.33450896,0.07415195,-0.053265594,0.6653467,0.30027235,0.10078872,-32.093414,1.8289567,105.5308914,1.627616644,250.5619812,274.7876166,217.070752,0.619850736,208.5892412,0.632327143,201.079247,0.644027114,194.3871577,0.655019142,188.3895264,0.665364154,182.9861164,0.675116476,178.0947652,0.684324675,173.6475396,0.693032274,1312.905062
136,20110514,36900,1050,0.33247042,0.076525696,0.10737391,0.6091332,0.3159352,0.10059326,-32.34535,1.8856934,104.3623505,1.86774087,231.1399994,275.0277409,231.6023408,1.006683126,231.730933,1.006403773,231.8493009,1.006146836,231.9586173,1.005909722,232.059882,1.005690222,232.1539532,1.005486443,232.241571,1.005296756,232.3233774,1.005119746,1285.391857
137,20110514,37500,1050,0.27785647,0.068431966,-0.07800455,0.6660565,0.3017737,0.11013138,-32.65157,2.1496415,99.04111481,2.108858585,225.426651,275.2688586,212.4148907,0.820223732,208.9357001,0.827024706,205.7851972,0.833331396,202.919222,0.839195634,200.3011426,0.844662273,197.9003239,0.849770318,195.690954,0.854553849,193.6511347,0.85904277,1572.952273
138,20110514,38100,1050,0.2830836,0.07764821,-0.005779644,0.6215418,0.31554383,0.107733265,-33.76163,2.2598317,91.78411865,2.350298166,218.3040009,275.5102982,123.8743361,0.151262805,105.8341157,0.163647726,91.56689413,0.175935539,80.1103739,0.188095515,70.78463769,0.200102867,63.09988035,0.211937863,56.69701047,0.223585038,51.30854225,0.235032533,1206.099727
139,20110514,38700,1050,0.29583666,0.07240818,-0.1518281,0.7201559,0.31516817,0.103579566,-33.017796,2.131644,93.20019531,2.575338364,218.3040009,275.7353384,234.3261132,1.266280675,238.9818142,1.253885548,243.3467136,1.242589218,247.4465786,1.232252185,251.3043128,1.222757549,254.940327,1.214006618,258.3728567,1.205915507,261.6182356,1.198412464,1156.262655
140,20110514,39300,1050,0.29832557,0.07231998,-0.09677868,0.64164776,0.32129568,0.1097371,-33.149635,2.0468888,94.21009827,2.744628668,218.3040009,275.9046287,214.2388983,0.939266366,213.1231979,0.941721688,212.1018858,0.943986252,211.1634807,0.946081452,210.2982894,0.948025599,209.4980719,0.949834454,208.7557793,0.951521664,208.065346,0.953099097,1174.414556
141,20110514,39900,1050,0.26929253,0.06912154,-0.07622508,0.6237703,0.3004573,0.09069374,-33.594765,2.1371932,91.40467834,2.736850739,218.3040009,275.8968507,204.4762791,0.8040273,200.7931224,0.811367944,197.463241,0.818180513,194.4385384,0.824519797,191.6792145,0.830433291,189.1520597,0.835962362,186.8291517,0.841143205,184.6868488,0.846007623,1316.335743
142,20110514,40500,1050,0.2700091,0.078723624,-0.1197532,0.53033686,0.34050313,0.12465863,-34.285763,2.2324517,77.34054565,2.529770374,243.4700012,275.6897704,246.0575595,1.035867436,246.7811937,1.034347589,247.4488165,1.032951299,248.0666868,1.03166409,248.6401644,1.030473659,249.1738663,1.029369489,249.671791,1.028342532,250.1374183,1.027384964,793.1857548
143,20110514,41100,1050,0.467322,0.063862756,0.004340251,0.39961365,0.30554765,0.082703955,-30.505365,1.2847914,46.82488632,2.260734081,245.1283417,275.4207341,129.6471788,0.119646081,108.6228709,0.130713178,92.30534016,0.141796855,79.42741193,0.152860335,69.11109991,0.163872512,60.73528846,0.174807259,53.85224589,0.185642797,48.13367564,0.19636112,58.76351352
144,20110514,41700,1124.999878,0.40753028,0.07129488,-0.08573623,0.37050024,0.28217208,0.090376556,-32.152843,1.4091957,97.72473145,1.988723516,238.5139923,275.1487235,227.5105811,0.854330268,224.5451862,0.859953005,221.8511716,0.865158601,219.3930858,0.869991731,217.1413709,0.874490921,215.071191,0.878689573,213.1615278,0.882616782,211.394477,0.886298011,702.4310555
145,20110514,42300,1124.999878,0.41953912,0.15283628,-0.06958902,0.5414091,0.2683507,0.090856224,-34.92576,3.9868908,65.75101471,1.739000797,238.5139923,274.8990008,218.9079808,0.751321432,213.7537503,0.760325758,209.1191088,0.768705017,204.9302195,0.776521657,201.1264707,0.783830139,197.657664,0.790678165,194.4818863,0.797107685,191.5638799,0.803155731,201.8703173
146,20110514,42900,1124.999878,0.19531214,0.061532564,0.019919628,0.4602084,0.21747284,0.09085957,-36.17622,3.1795423,40.25895691,1.547275782,238.5139923,274.7072758,171.6866686,0.334253302,156.7026048,0.349869339,144.0750193,0.364879656,133.3238635,0.379306292,124.0857665,0.393172387,116.0816604,0.406501532,109.0943811,0.41931732,102.9528965,0.431643005,213.8154537
147,20110514,43500,1124.999878,0.22729482,0.06433222,0.023464853,0.4349206,0.26571482,0.07917608,-36.8058,2.0933788,40.48258209,1.460331321,238.5139923,274.6203313,177.4200478,0.372931814,163.4199769,0.388577999,151.5177113,0.403551605,141.3018819,0.417885024,132.4579654,0.43161024,124.742144,0.444758419,117.9630264,0.457359629,111.9686464,0.469442674,160.5223659
148,20110514,44100,1124.999878,0.28976178,0.08685293,-0.02156456,0.49561298,0.3057742,0.10314729,-35.214436,2.2011564,49.31700897,1.505033493,239.0099945,274.6650335,174.7560302,0.352144056,160.1986557,0.36779601,147.8793144,0.382809523,137.3501624,0.397211541,128.2705901,0.411029413,120.3778509,0.42429035,113.4666368,0.43702105,107.3746282,0.44924744,178.5739063
149,20110514,44700,1124.999878,0.34545833,0.10393878,0.037953015,0.3690222,0.27650154,0.07988195,-35.515404,2.5295644,45.6424408,1.586556077,239.9500122,274.7465561,195.7141467,0.506996321,184.943591,0.521550389,175.5589553,0.535308849,167.319441,0.548330893,160.0354649,0.56067062,153.5560008,0.572377457,147.759442,0.583496554,142.546906,0.594069176,99.59218421
150,20110514,45300,1124.999878,0,0,0.8024594,0.8680037,0.08929218,0.10715606,-53.464325,3.1057136,29.7816391,1.625624061,235.1640167,274.7856241,349.2459004,3.737100905,389.800644,3.537359561,431.2577262,3.363040043,473.4288699,3.209764089,516.1444536,3.07407777,559.2526361,2.953224501,602.6182483,2.844980824,646.1215629,2.747535834,inf
151,20110514,45900,0,0,0,0.12770833,1.6526079,0.06427104,0.041665327,-51.84921,2.0272493,0,8.690379143,235.1640167,281.8503791,229.699987,0.924627921,228.2048592,0.927651915,226.8379383,0.930442723,225.5834334,0.933026305,224.4280417,0.935424906,223.3604774,0.9376577,222.3711037,0.939741299,221.4516425,0.941690168,
152,20110514,46500,0,0,0,0.003605537,0.8521345,0.054750305,0.030677756,-50.951218,2.2097487,0,8.830947876,235.1640167,281.9909479,114.1772656,0.089955812,93.41473945,0.099451501,77.66481539,0.109070396,65.49403798,0.118773119,55.93226053,0.128525073,48.3079544,0.138296033,42.14675531,0.148059737,37.1073503,0.157793487,
153,20110514,47100,0,0,0,-0.052615687,0.88667864,0.059358936,0.040583078,-50.606125,2.301547,0,8.625349045,235.1640167,281.785349,193.2107618,0.519439307,182.9472477,0.53381101,173.9870331,0.547383908,166.1060688,0.560218849,159.1275333,0.572371238,152.9102514,0.583891517,147.34031,0.594825636,142.3249012,0.605215471,
154,20110514,47700,0,0,0,-0.053392358,0.97546387,0.06018006,0.03839057,-50.62755,2.188378,0,8.464603424,308.8299866,281.6246034,245.8813718,0.467757274,230.7955016,0.482802704,217.7353357,0.497071548,206.3367204,0.510616802,196.3152052,0.523487594,187.4458474,0.535729364,179.5487585,0.547384077,172.4785995,0.558490454,
155,20110514,48300,0,0,0,0.030688161,1.0961207,0.054804906,0.034201954,-49.963852,4.5510483,0,8.57453537,300.7283325,281.7345354,215.4084224,0.328822187,196.3402952,0.344419501,180.2920008,0.359421642,166.644954,0.373849126,154.9316147,0.387723773,144.7934086,0.401068041,135.9516617,0.413904543,128.1871621,0.426255687,
156,20110514,48900,0,0,0,-0.025424406,1.2500181,0.05719137,0.053234354,-50.27224,3.550436,0,8.878318787,300.4419861,282.0383188,206.9680743,0.288719277,186.6134781,0.304057666,169.6600083,0.318887664,155.3809492,0.333218094,143.23341,0.347060586,132.8055235,0.360428722,123.7804218,0.373337386,115.9111969,0.385802259,
157,20110514,49500,0,0,0,-0.058845438,1.187476,0.058264714,0.035030138,-50.983284,3.1884217,0,9.167625427,300.4419861,282.3276254,243.3636816,0.49543172,229.5290984,0.510144039,217.4969525,0.524064937,206.9509455,0.53725193,197.6426184,0.549757791,189.3744623,0.561630889,181.9877562,0.572915546,175.3536772,0.58365237,
158,20110519,300,599.999939,0.051752627,0.040302467,-0.55613005,1.0768534,0.15261135,0.11314171,-30.467222,4.383589,33.2048378,15.59071159,3347.929932,288.7507116,2938.09203,0.647088155,2833.429096,0.65893105,2740.435262,0.670017851,2657.306047,0.680417319,2582.58465,0.690190321,2515.083114,0.699390899,2453.8238,0.708067173,2397.99536,0.716262111,1708.635018
159,20110519,900,599.999939,0.04876634,0.046581272,-0.7037474,1.2164317,0.15511596,0.10080936,-30.162207,4.8047533,37.68685913,15.05215263,3347.929932,288.2121526,3087.339006,0.763296374,3018.62214,0.771935444,2956.754263,0.779969721,2900.771499,0.787460175,2849.881153,0.794459906,2803.425593,0.801015356,2760.854851,0.807167323,2721.705595,0.812951779,2813.452074
160,20110519,1500,599.999939,0.04941046,0.026717639,-0.6943313,1.1741501,0.17752428,0.091066904,-30.248201,3.553908,31.39294243,15.09517288,3330.410156,288.2551729,3064.336969,0.757639591,2994.275401,0.766452156,2931.234384,0.774650219,2874.221354,0.78229547,2822.420732,0.789441667,2775.156446,0.79613586,2731.863534,0.802419402,2692.066368,0.808328777,1584.047825
161,20110519,2100,674.999939,0.04409472,0.03644171,-0.46122503,0.8818036,0.2138271,0.107193336,-30.990229,3.9801092,59.44485855,14.9457922,3256.361816,288.1057922,2776.580547,0.58783947,2656.328846,0.600997911,2550.302376,0.613363663,2456.191897,0.62500391,2372.151907,0.635978791,2296.691615,0.64634224,2228.594918,0.656142718,2166.860852,0.665423861,13504.53792
162,20110519,2700,599.999939,0.057674058,0.03180226,-0.6447804,1.1548727,0.22836575,0.12630269,-30.800066,3.2401433,38.86729431,15.43774796,3256.361816,288.597748,2955.212701,0.723636232,2876.617401,0.733455254,2806.157179,0.742606385,2742.649773,0.751154891,2685.12885,0.759157891,2632.797304,0.766665576,2584.99207,0.773722218,2541.157323,0.780367006,2206.489779
163,20110519,3300,599.999939,0.068506636,0.047250137,-0.47161612,0.92798984,0.25135288,0.14609921,-30.35373,3.9529538,54.97325134,15.60977077,3256.361816,288.7697708,2776.726201,0.587942266,2656.506901,0.601098628,2550.507514,0.613462341,2456.419861,0.625100593,2372.399254,0.636073528,2296.955532,0.646435082,2228.873088,0.656233718,2167.151352,0.665513071,4424.854553
164,20110519,3900,525,0.060118575,0.044887245,-0.38726413,0.826558,0.20407458,0.089981735,-30.807999,3.1205719,36.21140289,16.16334915,3256.361816,289.3233492,2662.275711,0.510976885,2517.405256,0.525473964,2391.097199,0.539174264,2280.137367,0.552137524,2181.993245,0.564418277,2094.645924,0.576066286,2016.468677,0.587126969,1946.137923,0.597641796,1642.210062
165,20110519,4500,525,0.097401224,0.038247097,-0.13519637,0.92052513,0.27463135,0.09802706,-27.859793,2.1868596,33.66332626,16.30512047,3157.72998,289.4651205,2107.785514,0.259919033,1883.92202,0.274928542,1699.027893,0.289501645,1544.504045,0.30363845,1413.985991,0.317342864,1302.686812,0.330621645,1206.953254,0.343483647,1123.959996,0.355939236,502.6344633
166,20110519,5100,824.999939,0.0578011,0.041048717,-0.1593252,0.6776351,0.29695776,0.12477986,-31.545391,3.4885113,29.310009,15.67451954,3134.369873,288.8345195,2171.306607,0.294150573,1960.809018,0.309537042,1785.222311,0.324402448,1637.130849,0.338757235,1510.985595,0.352614457,1402.570234,0.365988945,1308.636292,0.378896676,1226.649106,0.391354293,942.0753961
167,20110519,5700,824.999939,0.07682925,0.07069503,-0.29001704,0.85602593,0.2908733,0.11798681,-30.45578,3.5807164,36.54383087,15.90309048,3020.404053,289.0630905,2360.451645,0.439643051,2204.212491,0.454957718,2069.622524,0.469517945,1952.691424,0.483371408,1850.320767,0.496562885,1760.073882,0.509134255,1680.012208,0.521124568,1608.577072,0.532570161,1033.47278
168,20110519,6300,749.999939,0.09518008,0.06630403,-0.21755779,0.8093146,0.28884712,0.13230447,-28.745451,3.5825841,40.53488159,16.21664429,3020.404053,289.3766443,2226.906449,0.362067682,2046.135796,0.37772308,1892.815723,0.392723221,1761.506401,0.407097688,1648.05998,0.420876078,1549.269204,0.434087525,1462.622397,0.446760367,1386.129677,0.458921937,918.9769283
169,20110519,6900,749.999939,0.097470246,0.05513625,-0.037562463,0.74913013,0.32026005,0.1111702,-28.585493,2.8547063,30.08216286,16.42715836,3020.404053,289.5871584,1577.163428,0.114649503,1316.712765,0.125477253,1115.260309,0.136339722,956.7726207,0.14719944,830.1797926,0.158024508,727.6762322,0.168787947,643.6523989,0.179467094,574.0068136,0.190043055,358.1731802
170,20110519,7500,900,0.10422744,0.088401705,-0.016502231,0.4562121,0.34012923,0.14243782,-29.957787,4.103951,39.05239487,16.42338181,3020.404053,289.5833818,1342.758312,0.067056778,1072.016343,0.075048308,871.4223188,0.08323908,719.7421391,0.091591072,602.9442574,0.100069799,511.5289722,0.108644186,438.9225822,0.117286397,380.4852001,0.125971623,685.3128686
171,20110519,8100,900,0.099346206,0.096176505,0.14090708,0.45582086,0.33109406,0.16470072,-29.869234,5.436399,35.38348389,16.57318497,2910.879883,289.733185,1976.371198,0.275093781,1774.837436,0.290292449,1607.627548,0.305015781,1467.296647,0.319268497,1348.306862,0.333058604,1246.473579,0.346396497,1158.589332,0.35929425,1082.163487,0.371765078,561.0598815
172,20110519,8700,824.999939,0.13787921,0.14456356,-0.19825885,0.42628878,0.28736252,0.14004488,-26.628088,5.3275447,36.10221863,16.79201317,2896.530029,289.9520132,2100.981008,0.342883803,1921.694619,0.35852203,1770.294996,0.373538364,1641.150277,0.387957238,1529.987545,0.401803843,1433.518122,0.415103543,1349.177683,0.427881451,1274.942835,0.440162133,309.3955877
173,20110519,9300,824.999939,0.23355667,0.20334062,-0.23750219,0.6060771,0.27287826,0.16257523,-25.022528,5.3833265,41.37579727,16.9215889,2885.922119,290.0815889,2167.86164,0.385321444,2002.243191,0.400941072,1861.072403,0.415869744,1739.611597,0.430142953,1634.227456,0.44379531,1542.095491,0.4568602,1460.992709,0.469369575,1389.149683,0.481353836,162.3172177
174,20110519,9900,749.999939,0.40895945,0.3466109,-0.28004584,0.93811923,0.43462896,0.27147546,-23.227425,5.3075476,35.36754227,16.97266006,2885.922119,290.1326601,2238.178421,0.428581734,2085.599156,0.443982231,1954.429861,0.458638982,1840.684666,0.472597383,1741.276103,0.485900326,1653.781591,0.498588128,1576.277838,0.51069855,1507.221491,0.522266862,33.06466756
175,20110519,10500,749.999939,0.124642126,0.08206643,-0.47980928,1.1036075,0.50590277,0.23379281,-27.73909,3.387016,39.47272873,17.0486412,2885.922119,290.2086412,2485.655255,0.607931003,2384.672548,0.620669441,2295.395792,0.632624415,2215.955913,0.643864057,2144.853934,0.654449105,2080.87503,0.664433835,2023.025193,0.673866852,1970.48393,0.68279179,494.8479401
176,20110519,11100,974.999939,0.10380088,0.09470808,-0.20947352,0.96849203,0.40304214,0.23669791,-27.2163,5.527485,45.40789795,16.98060226,2885.922119,290.1406023,2114.469951,0.354587185,1939.449328,0.370241056,1791.254125,0.385252258,1664.529318,0.399648392,1555.199546,0.413457367,1460.119215,0.426706872,1376.829033,0.439424014,1303.383647,0.451635073,1086.180834
177,20110519,11700,674.999939,0.0921978,0.09333031,-0.15989721,1.1917381,0.39805958,0.24841294,-28.463476,4.4830775,29.57420731,16.96460342,3453.939941,290.1246034,2345.035132,0.275073386,2105.895103,0.290271824,1907.484973,0.304994977,1740.970178,0.319247558,1599.779185,0.33303757,1478.946335,0.346375402,1374.665518,0.359273124,1283.981267,0.371743947,380.3717329
178,20110519,12300,900,0.092126675,0.091376945,0.029268473,0.8711112,0.2876219,0.23868473,-27.871624,5.634323,33.74605179,17.03882217,3436.580078,290.1988222,1674.033961,0.090947895,1370.87225,0.100502368,1140.699073,0.110176568,962.6881939,0.11993114,822.7319893,0.129731546,711.0571333,0.139547653,620.7544549,0.149353314,546.8491011,0.159125959,565.9891748
179,20110519,12900,824.999939,0.1655249,0.15008353,-0.45780718,1.1109896,0.44495067,0.26811197,-26.164722,4.5430946,41.12121582,17.01802826,3480.468018,290.1780283,2899.189825,0.543830234,2755.699965,0.557809246,2629.969957,0.570987078,2519.009075,0.583427382,2420.446131,0.595187721,2332.379824,0.606320198,2253.26987,0.616872016,2181.856653,0.626885994,317.235065
180,20110519,13500,824.999939,0.15149096,0.14570552,-0.32363003,0.91573244,0.38850242,0.20502293,-26.718927,5.015423,61.50208282,16.96080208,3480.468018,290.1208021,2709.93777,0.434249075,2527.964048,0.449607052,2371.360286,0.464215663,2235.427571,0.478121485,2116.521558,0.491368388,2011.779389,0.503997502,1918.925765,0.516047257,1836.133012,0.527553479,1267.085873
181,20110519,14100,749.999939,0.06642276,0.058592826,-0.42225692,0.8342682,0.4546447,0.18944386,-29.342993,3.586667,37.95642471,16.91758347,3480.468018,290.0775835,2855.482066,0.516978678,2702.72685,0.531387424,2569.41975,0.54499789,2452.210437,0.55787061,2348.45606,0.570060738,2256.047472,0.581618528,2173.283526,0.592589779,2098.778782,0.603016253,1549.287692
182,20110519,14700,824.999939,0.006614869,0.047988467,0.08911606,0.44654524,0.2232414,0.13496606,-19.596495,4.0566783,31.29919052,16.92352676,3480.468018,290.0835268,2106.088839,0.187411742,1831.793104,0.200954128,1611.106219,0.214275765,1431.068963,0.227355183,1282.357367,0.240176552,1158.140521,0.25272867,1053.331365,0.265004124,964.0847029,0.276998581,87592.49559
183,20110519,35100,0,0.044454426,0.045359615,0.08607249,0.75504684,0.30795285,0.14612369,-36.95152,6.832346,0,20.26522255,2279.562012,293.4252225,1419.160802,0.206031672,1244.111886,0.22004934,1102.20162,0.233786413,985.6181246,0.247226745,888.6951061,0.260359481,807.2499582,0.273178034,738.1459183,0.285679239,678.9963941,0.297862655,0
184,20110519,35700,824.999939,0.053160496,0.044559315,0.11116942,0.48084584,0.27780804,0.11022146,-35.73545,6.1315885,33.20343018,18.42597198,2279.562012,291.585972,1508.210894,0.25236873,1344.719498,0.267270316,1210.006658,0.281755692,1097.66616,0.295822662,1002.96879,0.309473074,922.3661116,0.322711847,853.1561081,0.335546201,793.2534925,0.347985046,1619.126648
185,20110519,36300,824.999939,0.07621145,0.0638788,0.23349802,0.28798613,0.3271959,0.09411317,-34.09228,4.7469473,54.58161926,18.29615402,2279.562012,291.456154,1745.256494,0.410543807,1620.463381,0.426058786,1513.550038,0.440849898,1421.132374,0.454958591,1340.599694,0.468424475,1269.911253,0.481285138,1207.452604,0.493576064,1151.932501,0.505330627,3499.522666
186,20110519,36900,824.999939,0.09215123,0.06666291,0.21151955,0.39091867,0.37884808,0.11302822,-32.68578,3.0898445,73.22309875,18.14849472,2225.379883,291.3084947,1677.882761,0.390113981,1551.294449,0.405718865,1443.28552,0.420626077,1350.271784,0.434872279,1269.501364,0.448493068,1198.832703,0.461522661,1136.578614,0.473993712,1081.394905,0.485937216,5778.991454
187,20110519,37500,824.999939,0.10471316,0.055523362,0.19800644,0.333889,0.37884155,0.11458251,-32.319157,2.193199,70.80319977,17.99723816,2214.708252,291.1572382,1650.951648,0.375600447,1521.58025,0.391242339,1411.531356,0.40620757,1317.02562,0.420529209,1235.17153,0.434239815,1163.726217,0.447371041,1100.928076,0.459953369,1045.377627,0.472015953,4046.37507
188,20110519,38100,824.999939,0.1315154,0.05004398,-0.016958004,0.6368462,0.43546006,0.13613519,-31.741938,1.5621549,58.17738342,17.8473587,2162.998047,291.0073587,1000.892176,0.076636776,808.023013,0.085294103,663.5860543,0.094120071,553.2860633,0.103075632,467.5738085,0.112125859,399.9189813,0.121239703,345.7602882,0.130389709,301.8501059,0.139551724,1423.047335
189,20110519,38700,824.999939,0.14783515,0.0495833,-0.198829,0.3761584,0.3919211,0.11753077,-31.590168,1.6124544,43.42657471,17.70055962,2162.998047,290.8605596,1621.618813,0.382803138,1496.913591,0.398429522,1390.672454,0.413368568,1299.308707,0.427655146,1220.073393,0.441323342,1150.830727,0.454406099,1089.90064,0.466934994,1035.94652,0.478940109,468.4047893
190,20110519,39300,824.999939,0.15252091,0.059870146,-0.2217679,0.33898374,0.37829798,0.11133983,-31.711771,2.1441453,33.39085388,17.56981659,2162.998047,290.7298166,1657.959108,0.412153468,1539.910197,0.427659544,1438.743082,0.442439856,1351.267299,0.456536214,1275.020625,0.469988532,1208.077711,0.482834651,1148.914913,0.495110267,1096.313248,0.506848931,200.0478153
191,20110519,39900,900,0.13703313,0.050077982,-0.33890674,0.32894203,0.3097402,0.092999816,-32.961338,2.4104757,53.91171646,17.22063446,2162.998047,290.3806345,1805.272108,0.547379442,1716.854057,0.561297528,1639.339221,0.574414513,1570.896987,0.586794407,1510.075004,0.598495045,1455.708015,0.609568733,1406.851478,0.620062823,1362.732554,0.630020242,1043.057705
192,20110529,900,0,0,0,-0.086895645,0.54235965,0.20512801,0.11391372,-15.74405,3.714294,0,25.49606323,3278.969971,298.6560632,1896.044191,0.161078182,1628.426577,0.173810839,1415.710099,0.186411964,1244.104694,0.198853153,1103.815205,0.211111923,987.7505575,0.223170767,890.6882401,0.235016356,808.7213791,0.246638849,
